{"cameraMode":{"drawMode":0,"name":"Shaded","section":"Shading Mode"},"sceneLighting":true,"audioPlay":false,"sceneViewState":{"showFog":true,"showMaterialUpdate":false,"showSkybox":true,"showFlares":true,"showImageEffects":true,"showParticleSystems":true},"in2DMode":false,"pivot":{"x":424.5178527832031,"y":332.22442626953127,"z":45.58325958251953},"rotation":{"x":0.03809655085206032,"y":0.0033087613992393018,"z":-0.00012493092799559236,"w":0.9992685914039612},"size":1521.7767333984375,"orthographic":false}